ID,LABEL,RULE
0,ISBN:,"MATCH (a2)<--(a1)<--(a0)<--(b)-->(c0)-->(c1)-->(c2)-->(c3)-->(c4)-->(c5)
WHERE a2.VALUE='ISBN:' AND a2.PATH='/HTML/BODY/DIV/DIV/DIV/UL/LI/DIV/DIV/UL/LI/EM/text()' AND a2.POSITION='1' 
AND a1.VALUE='EM' AND a1.POSITION='1' 
AND a0.VALUE='LI' AND a0.POSITION='1' 
AND b.VALUE='UL' 
AND c0.VALUE='LI' AND c0.POSITION='6' 
AND c1.VALUE='DIV' AND c1.POSITION='1' 
AND c2.VALUE='OL' AND c2.POSITION='1' 
AND c3.VALUE='LI' AND c3.POSITION='3' 
AND c4.VALUE='A' AND c4.POSITION='1' 
AND c5.NODE_TYPE='3' AND c5.POSITION='1' 
 RETURN c5.VALUE AS VALUE, c5.URL AS URL, 'Template' in LABELS(c5) as template"
1,Author(s):,"MATCH (a1)<--(a0)<--(b)-->(c0)-->(c1)-->(c2)
WHERE a1.VALUE='Author(s):' AND a1.PATH='/HTML/BODY/DIV/DIV/DIV/UL/LI/DIV/DIV/UL/LI/EM/text()' AND a1.POSITION='1' 
AND a0.VALUE='EM' AND a0.POSITION='1' 
AND b.VALUE='LI' 
AND c0.VALUE='H2' AND c0.POSITION='1' 
AND c1.VALUE='A' AND c1.POSITION='1' 
AND c2.NODE_TYPE='3' AND c2.POSITION='1' 
 RETURN c2.VALUE AS VALUE, c2.URL AS URL, 'Template' in LABELS(c2) as template"
2,Publisher:,"MATCH (a1)<--(a0)<--(b)-->(c0)
WHERE a1.VALUE='Publisher:' AND a1.PATH='/HTML/BODY/DIV/DIV/DIV/UL/LI/DIV/DIV/UL/LI/EM/text()' AND a1.POSITION='1' 
AND a0.VALUE='EM' AND a0.POSITION='1' 
AND b.VALUE='LI' 
AND c0.NODE_TYPE='3' AND c0.POSITION='1' 
 RETURN c0.VALUE AS VALUE, c0.URL AS URL, 'Template' in LABELS(c0) as template"
3,We're fresh out of that one today.,"MATCH (a3)<--(a2)<--(a1)<--(a0)<--(b)-->(c0)-->(c1)
WHERE a3.VALUE='We\'re fresh out of that one today.' AND a3.PATH='/HTML/BODY/DIV/DIV/DIV/UL/LI/DIV/DIV/DIV/H1/text()' AND a3.POSITION='1' 
AND a2.VALUE='H1' AND a2.POSITION='1' 
AND a1.VALUE='DIV' AND a1.POSITION='1' 
AND a0.VALUE='DIV' AND a0.POSITION='1' 
AND b.VALUE='DIV' 
AND c0.VALUE='DIV' AND c0.POSITION='2' 
AND c1.NODE_TYPE='3' AND c1.POSITION='2' 
 RETURN c1.VALUE AS VALUE, c1.URL AS URL, 'Template' in LABELS(c1) as template"
4,Edition:,"MATCH (a2)<--(a1)<--(a0)<--(b)-->(c0)-->(c1)-->(c2)-->(c3)-->(c4)-->(c5)
WHERE a2.VALUE='Edition:' AND a2.PATH='/HTML/BODY/DIV/DIV/DIV/UL/LI/DIV/DIV/UL/LI/EM/text()' AND a2.POSITION='1' 
AND a1.VALUE='EM' AND a1.POSITION='1' 
AND a0.VALUE='LI' AND a0.POSITION='3' 
AND b.VALUE='UL' 
AND c0.VALUE='LI' AND c0.POSITION='6' 
AND c1.VALUE='DIV' AND c1.POSITION='1' 
AND c2.VALUE='OL' AND c2.POSITION='1' 
AND c3.VALUE='LI' AND c3.POSITION='2' 
AND c4.VALUE='A' AND c4.POSITION='1' 
AND c5.NODE_TYPE='3' AND c5.POSITION='1' 
 RETURN c5.VALUE AS VALUE, c5.URL AS URL, 'Template' in LABELS(c5) as template"
5,"(access codes, DVDs, workbooks).","MATCH (a2)<--(a1)<--(a0)<--(b)-->(c0)-->(c1)
WHERE a2.VALUE='(access codes, DVDs, workbooks).' AND a2.PATH='/HTML/BODY/DIV/DIV/DIV/UL/LI/DIV/DIV/DIV/DIV/text()' AND a2.POSITION='1' 
AND a1.VALUE='DIV' AND a1.POSITION='1' 
AND a0.VALUE='DIV' AND a0.POSITION='1' 
AND b.VALUE='DIV' 
AND c0.VALUE='H1' AND c0.POSITION='1' 
AND c1.NODE_TYPE='3' AND c1.POSITION='1' 
 RETURN c1.VALUE AS VALUE, c1.URL AS URL, 'Template' in LABELS(c1) as template"
6,List Price,"MATCH (a1)<--(a0)<--(b)-->(c0)-->(c1)
WHERE a1.VALUE='List Price' AND a1.PATH='/HTML/BODY/DIV/DIV/DIV/UL/LI/NOSCRIPT/TABLE/TBODY/TR/TH/text()' AND a1.POSITION='1' 
AND a0.VALUE='TH' AND a0.POSITION='1' 
AND b.VALUE='TR' 
AND c0.VALUE='TD' AND c0.POSITION='1' 
AND c1.NODE_TYPE='3' AND c1.POSITION='1' 
 RETURN c1.VALUE AS VALUE, c1.URL AS URL, 'Template' in LABELS(c1) as template"
7,Paperback Textbook,"MATCH (a1)<--(a0)<--(b)-->(c0)-->(c1)-->(c2)-->(c3)-->(c4)-->(c5)
WHERE a1.VALUE='Paperback Textbook' AND a1.PATH='/HTML/BODY/DIV/DIV/DIV/UL/LI/DIV/DIV/UL/LI/text()' AND a1.POSITION='1' 
AND a0.VALUE='LI' AND a0.POSITION='4' 
AND b.VALUE='UL' 
AND c0.VALUE='LI' AND c0.POSITION='6' 
AND c1.VALUE='DIV' AND c1.POSITION='1' 
AND c2.VALUE='OL' AND c2.POSITION='1' 
AND c3.VALUE='LI' AND c3.POSITION='4' 
AND c4.VALUE='A' AND c4.POSITION='1' 
AND c5.NODE_TYPE='3' AND c5.POSITION='1' 
 RETURN c5.VALUE AS VALUE, c5.URL AS URL, 'Template' in LABELS(c5) as template"
8,Hardcover Textbook,"MATCH (a1)<--(a0)<--(b)-->(c0)-->(c1)-->(c2)-->(c3)-->(c4)-->(c5)
WHERE a1.VALUE='Hardcover Textbook' AND a1.PATH='/HTML/BODY/DIV/DIV/DIV/UL/LI/DIV/DIV/UL/LI/text()' AND a1.POSITION='1' 
AND a0.VALUE='LI' AND a0.POSITION='3' 
AND b.VALUE='UL' 
AND c0.VALUE='LI' AND c0.POSITION='5' 
AND c1.VALUE='DIV' AND c1.POSITION='1' 
AND c2.VALUE='OL' AND c2.POSITION='1' 
AND c3.VALUE='LI' AND c3.POSITION='2' 
AND c4.VALUE='A' AND c4.POSITION='1' 
AND c5.NODE_TYPE='3' AND c5.POSITION='1' 
 RETURN c5.VALUE AS VALUE, c5.URL AS URL, 'Template' in LABELS(c5) as template"
9,Paperback Textbook,"MATCH (a1)<--(a0)<--(b)-->(c0)-->(c1)-->(c2)-->(c3)-->(c4)-->(c5)
WHERE a1.VALUE='Paperback Textbook' AND a1.PATH='/HTML/BODY/DIV/DIV/DIV/UL/LI/DIV/DIV/UL/LI/text()' AND a1.POSITION='1' 
AND a0.VALUE='LI' AND a0.POSITION='4' 
AND b.VALUE='UL' 
AND c0.VALUE='LI' AND c0.POSITION='6' 
AND c1.VALUE='DIV' AND c1.POSITION='1' 
AND c2.VALUE='OL' AND c2.POSITION='1' 
AND c3.VALUE='LI' AND c3.POSITION='3' 
AND c4.VALUE='A' AND c4.POSITION='1' 
AND c5.NODE_TYPE='3' AND c5.POSITION='1' 
 RETURN c5.VALUE AS VALUE, c5.URL AS URL, 'Template' in LABELS(c5) as template"
10,Hardcover Textbook,"MATCH (a1)<--(a0)<--(b)-->(c0)-->(c1)-->(c2)-->(c3)-->(c4)-->(c5)
WHERE a1.VALUE='Hardcover Textbook' AND a1.PATH='/HTML/BODY/DIV/DIV/DIV/UL/LI/DIV/DIV/UL/LI/text()' AND a1.POSITION='1' 
AND a0.VALUE='LI' AND a0.POSITION='3' 
AND b.VALUE='UL' 
AND c0.VALUE='LI' AND c0.POSITION='5' 
AND c1.VALUE='DIV' AND c1.POSITION='1' 
AND c2.VALUE='OL' AND c2.POSITION='1' 
AND c3.VALUE='LI' AND c3.POSITION='5' 
AND c4.VALUE='A' AND c4.POSITION='1' 
AND c5.NODE_TYPE='3' AND c5.POSITION='1' 
 RETURN c5.VALUE AS VALUE, c5.URL AS URL, 'Template' in LABELS(c5) as template"
11,Paperback Textbook,"MATCH (a1)<--(a0)<--(b)-->(c0)-->(c1)-->(c2)-->(c3)-->(c4)-->(c5)
WHERE a1.VALUE='Paperback Textbook' AND a1.PATH='/HTML/BODY/DIV/DIV/DIV/UL/LI/DIV/DIV/UL/LI/text()' AND a1.POSITION='1' 
AND a0.VALUE='LI' AND a0.POSITION='3' 
AND b.VALUE='UL' 
AND c0.VALUE='LI' AND c0.POSITION='5' 
AND c1.VALUE='DIV' AND c1.POSITION='1' 
AND c2.VALUE='OL' AND c2.POSITION='1' 
AND c3.VALUE='LI' AND c3.POSITION='2' 
AND c4.VALUE='A' AND c4.POSITION='1' 
AND c5.NODE_TYPE='3' AND c5.POSITION='1' 
 RETURN c5.VALUE AS VALUE, c5.URL AS URL, 'Template' in LABELS(c5) as template"
12,Paperback Textbook,"MATCH (a2)<--(a1)<--(a0)<--(b)-->(c0)-->(c1)
WHERE a2.VALUE='Paperback Textbook' AND a2.PATH='/HTML/BODY/DIV/DIV/DIV/UL/LI/DIV/DIV/UL/LI/text()' AND a2.POSITION='1' 
AND a1.VALUE='LI' AND a1.POSITION='4' 
AND a0.VALUE='UL' AND a0.POSITION='1' 
AND b.VALUE='DIV' 
AND c0.VALUE='H1' AND c0.POSITION='1' 
AND c1.NODE_TYPE='3' AND c1.POSITION='1' 
 RETURN c1.VALUE AS VALUE, c1.URL AS URL, 'Template' in LABELS(c1) as template"
13,Binding:,"MATCH (a1)<--(a0)<--(b)-->(c0)
WHERE a1.VALUE='Binding:' AND a1.PATH='/HTML/BODY/DIV/DIV/DIV/UL/LI/DIV/DIV/UL/LI/EM/text()' AND a1.POSITION='1' 
AND a0.VALUE='EM' AND a0.POSITION='1' 
AND b.VALUE='LI' 
AND c0.NODE_TYPE='3' AND c0.POSITION='1' 
 RETURN c0.VALUE AS VALUE, c0.URL AS URL, 'Template' in LABELS(c0) as template"
14,ISBN:,"MATCH (a1)<--(a0)<--(b)-->(c0)-->(c1)
WHERE a1.VALUE='ISBN:' AND a1.PATH='/HTML/BODY/DIV/DIV/DIV/UL/LI/DIV/DIV/UL/LI/EM/text()' AND a1.POSITION='1' 
AND a0.VALUE='EM' AND a0.POSITION='1' 
AND b.VALUE='LI' 
AND c0.VALUE='H2' AND c0.POSITION='1' 
AND c1.NODE_TYPE='3' AND c1.POSITION='1' 
 RETURN c1.VALUE AS VALUE, c1.URL AS URL, 'Template' in LABELS(c1) as template"
15,Paperback Textbook,"MATCH (a1)<--(a0)<--(b)-->(c0)-->(c1)-->(c2)-->(c3)-->(c4)-->(c5)
WHERE a1.VALUE='Paperback Textbook' AND a1.PATH='/HTML/BODY/DIV/DIV/DIV/UL/LI/DIV/DIV/UL/LI/text()' AND a1.POSITION='1' 
AND a0.VALUE='LI' AND a0.POSITION='4' 
AND b.VALUE='UL' 
AND c0.VALUE='LI' AND c0.POSITION='6' 
AND c1.VALUE='DIV' AND c1.POSITION='1' 
AND c2.VALUE='OL' AND c2.POSITION='1' 
AND c3.VALUE='LI' AND c3.POSITION='5' 
AND c4.VALUE='A' AND c4.POSITION='1' 
AND c5.NODE_TYPE='3' AND c5.POSITION='1' 
 RETURN c5.VALUE AS VALUE, c5.URL AS URL, 'Template' in LABELS(c5) as template"
16,Hardcover Textbook,"MATCH (a1)<--(a0)<--(b)-->(c0)-->(c1)-->(c2)
WHERE a1.VALUE='Hardcover Textbook' AND a1.PATH='/HTML/BODY/DIV/DIV/DIV/UL/LI/DIV/DIV/UL/LI/text()' AND a1.POSITION='1' 
AND a0.VALUE='LI' AND a0.POSITION='3' 
AND b.VALUE='UL' 
AND c0.VALUE='LI' AND c0.POSITION='5' 
AND c1.VALUE='EM' AND c1.POSITION='1' 
AND c2.NODE_TYPE='3' AND c2.POSITION='1' 
 RETURN c2.VALUE AS VALUE, c2.URL AS URL, 'Template' in LABELS(c2) as template"
17,List Price,"MATCH (a2)<--(a1)<--(a0)<--(b)-->(c0)-->(c1)-->(c2)
WHERE a2.VALUE='List Price' AND a2.PATH='/HTML/BODY/DIV/DIV/DIV/UL/LI/NOSCRIPT/TABLE/TBODY/TR/TH/text()' AND a2.POSITION='1' 
AND a1.VALUE='TH' AND a1.POSITION='1' 
AND a0.VALUE='TR' AND a0.POSITION='1' 
AND b.VALUE='TBODY' 
AND c0.VALUE='TR' AND c0.POSITION='2' 
AND c1.VALUE='TD' AND c1.POSITION='1' 
AND c2.NODE_TYPE='3' AND c2.POSITION='1' 
 RETURN c2.VALUE AS VALUE, c2.URL AS URL, 'Template' in LABELS(c2) as template"
18,Try Another Book?,"MATCH (a4)<--(a3)<--(a2)<--(a1)<--(a0)<--(b)-->(c0)-->(c1)-->(c2)
WHERE a4.VALUE='Try Another Book?' AND a4.PATH='/HTML/BODY/DIV/DIV/DIV/UL/LI/DIV/DIV/DIV/A/text()' AND a4.POSITION='1' 
AND a3.VALUE='A' AND a3.POSITION='1' 
AND a2.VALUE='DIV' AND a2.POSITION='1' 
AND a1.VALUE='DIV' AND a1.POSITION='1' 
AND a0.VALUE='DIV' AND a0.POSITION='2' 
AND b.VALUE='LI' 
AND c0.VALUE='DIV' AND c0.POSITION='3' 
AND c1.VALUE='P' AND c1.POSITION='1' 
AND c2.NODE_TYPE='3' AND c2.POSITION='1' 
 RETURN c2.VALUE AS VALUE, c2.URL AS URL, 'Template' in LABELS(c2) as template"
19,Paperback Textbook,"MATCH (a4)<--(a3)<--(a2)<--(a1)<--(a0)<--(b)-->(c0)-->(c1)-->(c2)
WHERE a4.VALUE='Paperback Textbook' AND a4.PATH='/HTML/BODY/DIV/DIV/DIV/UL/LI/DIV/DIV/UL/LI/text()' AND a4.POSITION='1' 
AND a3.VALUE='LI' AND a3.POSITION='3' 
AND a2.VALUE='UL' AND a2.POSITION='1' 
AND a1.VALUE='DIV' AND a1.POSITION='1' 
AND a0.VALUE='DIV' AND a0.POSITION='1' 
AND b.VALUE='LI' 
AND c0.VALUE='DIV' AND c0.POSITION='3' 
AND c1.VALUE='P' AND c1.POSITION='1' 
AND c2.NODE_TYPE='3' AND c2.POSITION='1' 
 RETURN c2.VALUE AS VALUE, c2.URL AS URL, 'Template' in LABELS(c2) as template"
20,Edition:,"MATCH (a2)<--(a1)<--(a0)<--(b)-->(c0)-->(c1)-->(c2)-->(c3)-->(c4)-->(c5)
WHERE a2.VALUE='Edition:' AND a2.PATH='/HTML/BODY/DIV/DIV/DIV/UL/LI/DIV/DIV/UL/LI/EM/text()' AND a2.POSITION='1' 
AND a1.VALUE='EM' AND a1.POSITION='1' 
AND a0.VALUE='LI' AND a0.POSITION='3' 
AND b.VALUE='UL' 
AND c0.VALUE='LI' AND c0.POSITION='6' 
AND c1.VALUE='DIV' AND c1.POSITION='1' 
AND c2.VALUE='OL' AND c2.POSITION='1' 
AND c3.VALUE='LI' AND c3.POSITION='1' 
AND c4.VALUE='A' AND c4.POSITION='1' 
AND c5.NODE_TYPE='3' AND c5.POSITION='1' 
 RETURN c5.VALUE AS VALUE, c5.URL AS URL, 'Template' in LABELS(c5) as template"
21,Paperback Textbook,"MATCH (a1)<--(a0)<--(b)-->(c0)-->(c1)-->(c2)-->(c3)-->(c4)-->(c5)
WHERE a1.VALUE='Paperback Textbook' AND a1.PATH='/HTML/BODY/DIV/DIV/DIV/UL/LI/DIV/DIV/UL/LI/text()' AND a1.POSITION='1' 
AND a0.VALUE='LI' AND a0.POSITION='3' 
AND b.VALUE='UL' 
AND c0.VALUE='LI' AND c0.POSITION='5' 
AND c1.VALUE='DIV' AND c1.POSITION='1' 
AND c2.VALUE='OL' AND c2.POSITION='1' 
AND c3.VALUE='LI' AND c3.POSITION='1' 
AND c4.VALUE='A' AND c4.POSITION='1' 
AND c5.NODE_TYPE='3' AND c5.POSITION='1' 
 RETURN c5.VALUE AS VALUE, c5.URL AS URL, 'Template' in LABELS(c5) as template"
22,Paperback Textbook,"MATCH (a1)<--(a0)<--(b)-->(c0)-->(c1)-->(c2)
WHERE a1.VALUE='Paperback Textbook' AND a1.PATH='/HTML/BODY/DIV/DIV/DIV/UL/LI/DIV/DIV/UL/LI/text()' AND a1.POSITION='1' 
AND a0.VALUE='LI' AND a0.POSITION='3' 
AND b.VALUE='UL' 
AND c0.VALUE='LI' AND c0.POSITION='5' 
AND c1.VALUE='EM' AND c1.POSITION='1' 
AND c2.NODE_TYPE='3' AND c2.POSITION='1' 
 RETURN c2.VALUE AS VALUE, c2.URL AS URL, 'Template' in LABELS(c2) as template"
23,Author(s):,"MATCH (a1)<--(a0)<--(b)-->(c0)-->(c1)-->(c2)
WHERE a1.VALUE='Author(s):' AND a1.PATH='/HTML/BODY/DIV/DIV/DIV/UL/LI/DIV/DIV/UL/LI/EM/text()' AND a1.POSITION='1' 
AND a0.VALUE='EM' AND a0.POSITION='1' 
AND b.VALUE='LI' 
AND c0.VALUE='H2' AND c0.POSITION='1' 
AND c1.VALUE='A' AND c1.POSITION='3' 
AND c2.NODE_TYPE='3' AND c2.POSITION='1' 
 RETURN c2.VALUE AS VALUE, c2.URL AS URL, 'Template' in LABELS(c2) as template"
24,We're fresh out of that one today.,"MATCH (a4)<--(a3)<--(a2)<--(a1)<--(a0)<--(b)-->(c0)-->(c1)-->(c2)-->(c3)
WHERE a4.VALUE='We\'re fresh out of that one today.' AND a4.PATH='/HTML/BODY/DIV/DIV/DIV/UL/LI/DIV/DIV/DIV/H1/text()' AND a4.POSITION='1' 
AND a3.VALUE='H1' AND a3.POSITION='1' 
AND a2.VALUE='DIV' AND a2.POSITION='1' 
AND a1.VALUE='DIV' AND a1.POSITION='1' 
AND a0.VALUE='DIV' AND a0.POSITION='2' 
AND b.VALUE='LI' 
AND c0.VALUE='DIV' AND c0.POSITION='3' 
AND c1.VALUE='H3' AND c1.POSITION='1' 
AND c2.VALUE='A' AND c2.POSITION='1' 
AND c3.NODE_TYPE='3' AND c3.POSITION='1' 
 RETURN c3.VALUE AS VALUE, c3.URL AS URL, 'Template' in LABELS(c3) as template"
25,List Price,"MATCH (a2)<--(a1)<--(a0)<--(b)-->(c0)-->(c1)-->(c2)
WHERE a2.VALUE='List Price' AND a2.PATH='/HTML/BODY/DIV/DIV/DIV/UL/LI/NOSCRIPT/TABLE/TBODY/TR/TH/text()' AND a2.POSITION='1' 
AND a1.VALUE='TH' AND a1.POSITION='1' 
AND a0.VALUE='TR' AND a0.POSITION='1' 
AND b.VALUE='TBODY' 
AND c0.VALUE='TR' AND c0.POSITION='2' 
AND c1.VALUE='TD' AND c1.POSITION='2' 
AND c2.NODE_TYPE='3' AND c2.POSITION='1' 
 RETURN c2.VALUE AS VALUE, c2.URL AS URL, 'Template' in LABELS(c2) as template"
26,Paperback Textbook,"MATCH (a1)<--(a0)<--(b)-->(c0)-->(c1)-->(c2)-->(c3)-->(c4)-->(c5)
WHERE a1.VALUE='Paperback Textbook' AND a1.PATH='/HTML/BODY/DIV/DIV/DIV/UL/LI/DIV/DIV/UL/LI/text()' AND a1.POSITION='1' 
AND a0.VALUE='LI' AND a0.POSITION='3' 
AND b.VALUE='UL' 
AND c0.VALUE='LI' AND c0.POSITION='5' 
AND c1.VALUE='DIV' AND c1.POSITION='1' 
AND c2.VALUE='OL' AND c2.POSITION='1' 
AND c3.VALUE='LI' AND c3.POSITION='6' 
AND c4.VALUE='A' AND c4.POSITION='1' 
AND c5.NODE_TYPE='3' AND c5.POSITION='1' 
 RETURN c5.VALUE AS VALUE, c5.URL AS URL, 'Template' in LABELS(c5) as template"
27,So sorry. Try back another time as our inventory fluctuates daily.,"MATCH (a3)<--(a2)<--(a1)<--(a0)<--(b)-->(c0)-->(c1)
WHERE a3.VALUE='So sorry. Try back another time as our inventory fluctuates daily.' AND a3.PATH='/HTML/BODY/DIV/DIV/DIV/UL/LI/DIV/DIV/DIV/P/text()' AND a3.POSITION='1' 
AND a2.VALUE='P' AND a2.POSITION='1' 
AND a1.VALUE='DIV' AND a1.POSITION='1' 
AND a0.VALUE='DIV' AND a0.POSITION='1' 
AND b.VALUE='DIV' 
AND c0.VALUE='DIV' AND c0.POSITION='2' 
AND c1.NODE_TYPE='3' AND c1.POSITION='1' 
 RETURN c1.VALUE AS VALUE, c1.URL AS URL, 'Template' in LABELS(c1) as template"
28,Edition:,"MATCH (a1)<--(a0)<--(b)-->(c0)
WHERE a1.VALUE='Edition:' AND a1.PATH='/HTML/BODY/DIV/DIV/DIV/UL/LI/DIV/DIV/UL/LI/EM/text()' AND a1.POSITION='1' 
AND a0.VALUE='EM' AND a0.POSITION='1' 
AND b.VALUE='LI' 
AND c0.NODE_TYPE='3' AND c0.POSITION='1' 
 RETURN c0.VALUE AS VALUE, c0.URL AS URL, 'Template' in LABELS(c0) as template"
29,Hardcover Textbook,"MATCH (a1)<--(a0)<--(b)-->(c0)-->(c1)-->(c2)-->(c3)-->(c4)-->(c5)
WHERE a1.VALUE='Hardcover Textbook' AND a1.PATH='/HTML/BODY/DIV/DIV/DIV/UL/LI/DIV/DIV/UL/LI/text()' AND a1.POSITION='1' 
AND a0.VALUE='LI' AND a0.POSITION='3' 
AND b.VALUE='UL' 
AND c0.VALUE='LI' AND c0.POSITION='5' 
AND c1.VALUE='DIV' AND c1.POSITION='1' 
AND c2.VALUE='OL' AND c2.POSITION='1' 
AND c3.VALUE='LI' AND c3.POSITION='1' 
AND c4.VALUE='A' AND c4.POSITION='1' 
AND c5.NODE_TYPE='3' AND c5.POSITION='1' 
 RETURN c5.VALUE AS VALUE, c5.URL AS URL, 'Template' in LABELS(c5) as template"
30,Paperback Textbook,"MATCH (a1)<--(a0)<--(b)-->(c0)-->(c1)-->(c2)-->(c3)-->(c4)-->(c5)
WHERE a1.VALUE='Paperback Textbook' AND a1.PATH='/HTML/BODY/DIV/DIV/DIV/UL/LI/DIV/DIV/UL/LI/text()' AND a1.POSITION='1' 
AND a0.VALUE='LI' AND a0.POSITION='3' 
AND b.VALUE='UL' 
AND c0.VALUE='LI' AND c0.POSITION='5' 
AND c1.VALUE='DIV' AND c1.POSITION='1' 
AND c2.VALUE='OL' AND c2.POSITION='1' 
AND c3.VALUE='LI' AND c3.POSITION='5' 
AND c4.VALUE='A' AND c4.POSITION='1' 
AND c5.NODE_TYPE='3' AND c5.POSITION='1' 
 RETURN c5.VALUE AS VALUE, c5.URL AS URL, 'Template' in LABELS(c5) as template"
31,Try Another Book?,"MATCH (a3)<--(a2)<--(a1)<--(a0)<--(b)-->(c0)-->(c1)-->(c2)
WHERE a3.VALUE='Try Another Book?' AND a3.PATH='/HTML/BODY/DIV/DIV/DIV/UL/LI/DIV/DIV/DIV/A/text()' AND a3.POSITION='1' 
AND a2.VALUE='A' AND a2.POSITION='1' 
AND a1.VALUE='DIV' AND a1.POSITION='1' 
AND a0.VALUE='DIV' AND a0.POSITION='1' 
AND b.VALUE='DIV' 
AND c0.VALUE='DIV' AND c0.POSITION='2' 
AND c1.VALUE='A' AND c1.POSITION='1' 
AND c2.NODE_TYPE='3' AND c2.POSITION='1' 
 RETURN c2.VALUE AS VALUE, c2.URL AS URL, 'Template' in LABELS(c2) as template"
32,Paperback Textbook,"MATCH (a1)<--(a0)<--(b)-->(c0)-->(c1)-->(c2)-->(c3)-->(c4)-->(c5)
WHERE a1.VALUE='Paperback Textbook' AND a1.PATH='/HTML/BODY/DIV/DIV/DIV/UL/LI/DIV/DIV/UL/LI/text()' AND a1.POSITION='1' 
AND a0.VALUE='LI' AND a0.POSITION='4' 
AND b.VALUE='UL' 
AND c0.VALUE='LI' AND c0.POSITION='6' 
AND c1.VALUE='DIV' AND c1.POSITION='1' 
AND c2.VALUE='OL' AND c2.POSITION='1' 
AND c3.VALUE='LI' AND c3.POSITION='1' 
AND c4.VALUE='A' AND c4.POSITION='1' 
AND c5.NODE_TYPE='3' AND c5.POSITION='1' 
 RETURN c5.VALUE AS VALUE, c5.URL AS URL, 'Template' in LABELS(c5) as template"
33,"HarperCollins Canada, Limited","MATCH (a4)<--(a3)<--(a2)<--(a1)<--(a0)<--(b)-->(c0)-->(c1)-->(c2)
WHERE a4.VALUE='HarperCollins Canada, Limited' AND a4.PATH='/HTML/BODY/DIV/DIV/DIV/UL/LI/DIV/DIV/UL/LI/text()' AND a4.POSITION='1' 
AND a3.VALUE='LI' AND a3.POSITION='5' 
AND a2.VALUE='UL' AND a2.POSITION='1' 
AND a1.VALUE='DIV' AND a1.POSITION='1' 
AND a0.VALUE='DIV' AND a0.POSITION='1' 
AND b.VALUE='LI' 
AND c0.VALUE='DIV' AND c0.POSITION='3' 
AND c1.VALUE='P' AND c1.POSITION='1' 
AND c2.NODE_TYPE='3' AND c2.POSITION='1' 
 RETURN c2.VALUE AS VALUE, c2.URL AS URL, 'Template' in LABELS(c2) as template"
34,Textbook Description:,"MATCH (a1)<--(a0)<--(b)-->(c0)-->(c1)-->(c2)
WHERE a1.VALUE='Textbook Description:' AND a1.PATH='/HTML/BODY/DIV/DIV/DIV/UL/LI/DIV/DIV/DIV/SPAN/text()' AND a1.POSITION='1' 
AND a0.VALUE='SPAN' AND a0.POSITION='1' 
AND b.VALUE='DIV' 
AND c0.VALUE='DIV' AND c0.POSITION='1' 
AND c1.VALUE='A' AND c1.POSITION='1' 
AND c2.NODE_TYPE='3' AND c2.POSITION='1' 
 RETURN c2.VALUE AS VALUE, c2.URL AS URL, 'Template' in LABELS(c2) as template"
35,Author(s):,"MATCH (a1)<--(a0)<--(b)-->(c0)-->(c1)-->(c2)
WHERE a1.VALUE='Author(s):' AND a1.PATH='/HTML/BODY/DIV/DIV/DIV/UL/LI/DIV/DIV/UL/LI/EM/text()' AND a1.POSITION='1' 
AND a0.VALUE='EM' AND a0.POSITION='1' 
AND b.VALUE='LI' 
AND c0.VALUE='H2' AND c0.POSITION='1' 
AND c1.VALUE='A' AND c1.POSITION='2' 
AND c2.NODE_TYPE='3' AND c2.POSITION='1' 
 RETURN c2.VALUE AS VALUE, c2.URL AS URL, 'Template' in LABELS(c2) as template"
36,Paperback Textbook,"MATCH (a1)<--(a0)<--(b)-->(c0)-->(c1)-->(c2)-->(c3)-->(c4)-->(c5)
WHERE a1.VALUE='Paperback Textbook' AND a1.PATH='/HTML/BODY/DIV/DIV/DIV/UL/LI/DIV/DIV/UL/LI/text()' AND a1.POSITION='1' 
AND a0.VALUE='LI' AND a0.POSITION='3' 
AND b.VALUE='UL' 
AND c0.VALUE='LI' AND c0.POSITION='5' 
AND c1.VALUE='DIV' AND c1.POSITION='1' 
AND c2.VALUE='OL' AND c2.POSITION='1' 
AND c3.VALUE='LI' AND c3.POSITION='3' 
AND c4.VALUE='A' AND c4.POSITION='1' 
AND c5.NODE_TYPE='3' AND c5.POSITION='1' 
 RETURN c5.VALUE AS VALUE, c5.URL AS URL, 'Template' in LABELS(c5) as template"
37,Paperback Textbook,"MATCH (a1)<--(a0)<--(b)-->(c0)-->(c1)-->(c2)-->(c3)-->(c4)-->(c5)
WHERE a1.VALUE='Paperback Textbook' AND a1.PATH='/HTML/BODY/DIV/DIV/DIV/UL/LI/DIV/DIV/UL/LI/text()' AND a1.POSITION='1' 
AND a0.VALUE='LI' AND a0.POSITION='4' 
AND b.VALUE='UL' 
AND c0.VALUE='LI' AND c0.POSITION='6' 
AND c1.VALUE='DIV' AND c1.POSITION='1' 
AND c2.VALUE='OL' AND c2.POSITION='1' 
AND c3.VALUE='LI' AND c3.POSITION='2' 
AND c4.VALUE='A' AND c4.POSITION='1' 
AND c5.NODE_TYPE='3' AND c5.POSITION='1' 
 RETURN c5.VALUE AS VALUE, c5.URL AS URL, 'Template' in LABELS(c5) as template"
38,List Price,"MATCH (a2)<--(a1)<--(a0)<--(b)-->(c0)-->(c1)-->(c2)
WHERE a2.VALUE='List Price' AND a2.PATH='/HTML/BODY/DIV/DIV/DIV/UL/LI/NOSCRIPT/TABLE/TBODY/TR/TH/text()' AND a2.POSITION='1' 
AND a1.VALUE='TH' AND a1.POSITION='1' 
AND a0.VALUE='TR' AND a0.POSITION='1' 
AND b.VALUE='TBODY' 
AND c0.VALUE='TR' AND c0.POSITION='2' 
AND c1.VALUE='TH' AND c1.POSITION='1' 
AND c2.NODE_TYPE='3' AND c2.POSITION='1' 
 RETURN c2.VALUE AS VALUE, c2.URL AS URL, 'Template' in LABELS(c2) as template"
39,Paperback Textbook,"MATCH (a1)<--(a0)<--(b)-->(c0)-->(c1)-->(c2)-->(c3)-->(c4)-->(c5)
WHERE a1.VALUE='Paperback Textbook' AND a1.PATH='/HTML/BODY/DIV/DIV/DIV/UL/LI/DIV/DIV/UL/LI/text()' AND a1.POSITION='1' 
AND a0.VALUE='LI' AND a0.POSITION='3' 
AND b.VALUE='UL' 
AND c0.VALUE='LI' AND c0.POSITION='5' 
AND c1.VALUE='DIV' AND c1.POSITION='1' 
AND c2.VALUE='OL' AND c2.POSITION='1' 
AND c3.VALUE='LI' AND c3.POSITION='4' 
AND c4.VALUE='A' AND c4.POSITION='1' 
AND c5.NODE_TYPE='3' AND c5.POSITION='1' 
 RETURN c5.VALUE AS VALUE, c5.URL AS URL, 'Template' in LABELS(c5) as template"
40,Hardcover Textbook,"MATCH (a1)<--(a0)<--(b)-->(c0)-->(c1)-->(c2)-->(c3)-->(c4)-->(c5)
WHERE a1.VALUE='Hardcover Textbook' AND a1.PATH='/HTML/BODY/DIV/DIV/DIV/UL/LI/DIV/DIV/UL/LI/text()' AND a1.POSITION='1' 
AND a0.VALUE='LI' AND a0.POSITION='3' 
AND b.VALUE='UL' 
AND c0.VALUE='LI' AND c0.POSITION='5' 
AND c1.VALUE='DIV' AND c1.POSITION='1' 
AND c2.VALUE='OL' AND c2.POSITION='1' 
AND c3.VALUE='LI' AND c3.POSITION='3' 
AND c4.VALUE='A' AND c4.POSITION='1' 
AND c5.NODE_TYPE='3' AND c5.POSITION='1' 
 RETURN c5.VALUE AS VALUE, c5.URL AS URL, 'Template' in LABELS(c5) as template"
41,Paperback Textbook,"MATCH (a1)<--(a0)<--(b)-->(c0)-->(c1)-->(c2)
WHERE a1.VALUE='Paperback Textbook' AND a1.PATH='/HTML/BODY/DIV/DIV/DIV/UL/LI/DIV/DIV/UL/LI/text()' AND a1.POSITION='1' 
AND a0.VALUE='LI' AND a0.POSITION='4' 
AND b.VALUE='UL' 
AND c0.VALUE='LI' AND c0.POSITION='6' 
AND c1.VALUE='EM' AND c1.POSITION='1' 
AND c2.NODE_TYPE='3' AND c2.POSITION='1' 
 RETURN c2.VALUE AS VALUE, c2.URL AS URL, 'Template' in LABELS(c2) as template"
42,ISBN:,"MATCH (a2)<--(a1)<--(a0)<--(b)-->(c0)-->(c1)-->(c2)
WHERE a2.VALUE='ISBN:' AND a2.PATH='/HTML/BODY/DIV/DIV/DIV/UL/LI/DIV/DIV/UL/LI/EM/text()' AND a2.POSITION='1' 
AND a1.VALUE='EM' AND a1.POSITION='1' 
AND a0.VALUE='LI' AND a0.POSITION='1' 
AND b.VALUE='UL' 
AND c0.VALUE='LI' AND c0.POSITION='6' 
AND c1.VALUE='EM' AND c1.POSITION='1' 
AND c2.NODE_TYPE='3' AND c2.POSITION='1' 
 RETURN c2.VALUE AS VALUE, c2.URL AS URL, 'Template' in LABELS(c2) as template"
43,Hardcover Textbook,"MATCH (a1)<--(a0)<--(b)-->(c0)-->(c1)-->(c2)-->(c3)-->(c4)-->(c5)
WHERE a1.VALUE='Hardcover Textbook' AND a1.PATH='/HTML/BODY/DIV/DIV/DIV/UL/LI/DIV/DIV/UL/LI/text()' AND a1.POSITION='1' 
AND a0.VALUE='LI' AND a0.POSITION='3' 
AND b.VALUE='UL' 
AND c0.VALUE='LI' AND c0.POSITION='5' 
AND c1.VALUE='DIV' AND c1.POSITION='1' 
AND c2.VALUE='OL' AND c2.POSITION='1' 
AND c3.VALUE='LI' AND c3.POSITION='4' 
AND c4.VALUE='A' AND c4.POSITION='1' 
AND c5.NODE_TYPE='3' AND c5.POSITION='1' 
 RETURN c5.VALUE AS VALUE, c5.URL AS URL, 'Template' in LABELS(c5) as template"
